{
  "scheme": "rk4",
  "grid": 12288,
  "dt": 0.001247169642215041,
  "cfl": {
    "gw": 0.25399094285508816
  },
  "norms": {},
  "extras": {
    "elapsed_s": 0.106343
  }
}