case,end_delta,mid_delta,max_cfl
cyprus_like,0.23478770693910045,0.1173855498784665,0.25
rotterdam_like,0.1738478710320457,0.0782638255487621,0.25
