{
  "scheme": "rk4",
  "grid": 98304,
  "dt": 0.00041572321407168025,
  "cfl": {
    "gw": 0.25
  },
  "norms": {},
  "extras": {
    "elapsed_s": 9.184363,
    "case": "rotterdam_like",
    "band_means_end": {
      "asphalt": 0.6487675329219921,
      "mixed": 0.5610642873872884,
      "park": 0.4749196618899464,
      "park_cool_vs_asphalt": 0.1738478710320457
    },
    "band_means_mid": {
      "asphalt": 0.3804524673810761,
      "mixed": 0.33493585095403716,
      "park": 0.302188641832314,
      "park_cool_vs_asphalt": 0.0782638255487621
    },
    "max_cfl": 0.25,
    "mean_h_drift_percent": 0.0,
    "dt_used": 0.00041572321407168025
  }
}