{
  "scheme": "rk4",
  "grid": 73728,
  "dt": 0.00041572321407168025,
  "cfl": {
    "gw": 0.25851142055341125
  },
  "norms": {},
  "extras": {
    "elapsed_s": 2.783999
  }
}