{
  "scheme": "rk4",
  "grid": 18432,
  "dt": 0.00012099844716253215,
  "cfl": {
    "gw": 0.04
  },
  "norms": {},
  "extras": {
    "elapsed_s": 0.036975,
    "mean_h_initial": 1.0,
    "mean_h_range": 0.0,
    "dt_used": 0.00012099844716253215
  }
}