{
  "scheme": "rk4",
  "grid": 18432,
  "dt": 0.0001824983568434631,
  "cfl": {
    "gw": 0.1594213912479083
  },
  "norms": {},
  "extras": {
    "elapsed_s": 0.051892,
    "mean_h_initial": 1.0,
    "mean_h_range": 1.1102230246251565e-16,
    "dt_used": 0.0001824983568434631
  }
}