{
  "scheme": "rk4",
  "grid": 73728,
  "dt": 0.00024342258896337086,
  "cfl": {
    "gw": 0.15
  },
  "norms": {},
  "extras": {
    "elapsed_s": 4.959426
  }
}