{
  "scheme": "rk4",
  "grid": 12288,
  "dt": 0.001496603570658049,
  "cfl": {
    "gw": 0.3095782628522115
  },
  "norms": {},
  "extras": {
    "elapsed_s": 0.247766,
    "mean_h_initial": 1.0,
    "mean_h_range": 4.440892098500626e-16
  }
}