{
  "scheme": "rk4",
  "grid": 98304,
  "dt": 0.00041572321407168025,
  "cfl": {
    "gw": 0.25
  },
  "norms": {},
  "extras": {
    "elapsed_s": 9.347245,
    "case": "cyprus_like",
    "band_means_end": {
      "asphalt": 1.1333840878116028,
      "mixed": 1.0034914734591975,
      "park": 0.8985963808725024,
      "park_cool_vs_asphalt": 0.23478770693910045
    },
    "band_means_mid": {
      "asphalt": 0.6634295674389696,
      "mixed": 0.591223516091249,
      "park": 0.5460440175605031,
      "park_cool_vs_asphalt": 0.1173855498784665
    },
    "max_cfl": 0.25,
    "mean_h_drift_percent": 0.0,
    "dt_used": 0.00041572321407168025
  }
}