{
  "scheme": "rk4",
  "grid": 82944,
  "dt": 3.688632424236079e-05,
  "cfl": {
    "gw": 0.17119406004074017
  },
  "norms": {},
  "extras": {
    "elapsed_s": 33.1538
  }
}