{
  "scheme": "rk4",
  "grid": 82944,
  "dt": 0.33257857125734425,
  "cfl": {
    "gw": 0.2
  },
  "norms": {},
  "extras": {
    "elapsed_s": 0.002925
  }
}