{
  "scheme": "rk4",
  "grid": 18432,
  "dt": 7.632394878336818e-05,
  "cfl": {
    "gw": 0.028237599431570063
  },
  "norms": {},
  "extras": {
    "elapsed_s": 0.25904,
    "mean_h_initial": 1.0,
    "mean_h_range": 1.1102230246251565e-16,
    "dt_used": 7.632394878336818e-05,
    "cfl_max": 0.028237599431570063
  }
}