{
  "scheme": "rk4",
  "grid": 98304,
  "dt": 0.00041572321407168025,
  "cfl": {
    "gw": 0.25
  },
  "norms": {},
  "extras": {
    "elapsed_s": 8.983845
  }
}